Primary Type,Block
ASSAULT,241XX W RANDOM ST
BURGLARY,813XX W RANDOM ST
BATTERY,547XX W RANDOM ST
BATTERY,989XX W RANDOM ST
THEFT,433XX W RANDOM ST
ROBBERY,395XX W RANDOM ST
BURGLARY,722XX W RANDOM ST
ROBBERY,147XX W RANDOM ST
ASSAULT,630XX W RANDOM ST
ASSAULT,810XX W RANDOM ST
NARCOTICS,126XX W RANDOM ST
NARCOTICS,227XX W RANDOM ST
BATTERY,334XX W RANDOM ST
MOTOR VEHICLE THEFT,703XX W RANDOM ST
THEFT,919XX W RANDOM ST
ASSAULT,294XX W RANDOM ST
BATTERY,194XX W RANDOM ST
BATTERY,292XX W RANDOM ST
ASSAULT,869XX W RANDOM ST
BURGLARY,445XX W RANDOM ST
MOTOR VEHICLE THEFT,947XX W RANDOM ST
CRIMINAL DAMAGE,124XX W RANDOM ST
CRIMINAL DAMAGE,863XX W RANDOM ST
ROBBERY,219XX W RANDOM ST
THEFT,654XX W RANDOM ST
CRIMINAL DAMAGE,323XX W RANDOM ST
BURGLARY,369XX W RANDOM ST
ASSAULT,693XX W RANDOM ST
NARCOTICS,148XX W RANDOM ST
THEFT,367XX W RANDOM ST
NARCOTICS,732XX W RANDOM ST
THEFT,495XX W RANDOM ST
BATTERY,153XX W RANDOM ST
THEFT,656XX W RANDOM ST
THEFT,547XX W RANDOM ST
BATTERY,334XX W RANDOM ST
BURGLARY,824XX W RANDOM ST
BURGLARY,693XX W RANDOM ST
ASSAULT,807XX W RANDOM ST
NARCOTICS,681XX W RANDOM ST
NARCOTICS,654XX W RANDOM ST
MOTOR VEHICLE THEFT,932XX W RANDOM ST
MOTOR VEHICLE THEFT,931XX W RANDOM ST
MOTOR VEHICLE THEFT,418XX W RANDOM ST
THEFT,642XX W RANDOM ST
ROBBERY,271XX W RANDOM ST
BATTERY,818XX W RANDOM ST
NARCOTICS,152XX W RANDOM ST
NARCOTICS,893XX W RANDOM ST
THEFT,843XX W RANDOM ST
NARCOTICS,710XX W RANDOM ST
NARCOTICS,473XX W RANDOM ST
BURGLARY,173XX W RANDOM ST
ASSAULT,506XX W RANDOM ST
MOTOR VEHICLE THEFT,244XX W RANDOM ST
BATTERY,171XX W RANDOM ST
CRIMINAL DAMAGE,685XX W RANDOM ST
NARCOTICS,401XX W RANDOM ST
CRIMINAL DAMAGE,719XX W RANDOM ST
BURGLARY,329XX W RANDOM ST
ASSAULT,575XX W RANDOM ST
CRIMINAL DAMAGE,899XX W RANDOM ST
NARCOTICS,252XX W RANDOM ST
ASSAULT,292XX W RANDOM ST
ROBBERY,444XX W RANDOM ST
ASSAULT,624XX W RANDOM ST
CRIMINAL DAMAGE,354XX W RANDOM ST
NARCOTICS,262XX W RANDOM ST
NARCOTICS,355XX W RANDOM ST
THEFT,968XX W RANDOM ST
MOTOR VEHICLE THEFT,262XX W RANDOM ST
ROBBERY,202XX W RANDOM ST
BATTERY,367XX W RANDOM ST
NARCOTICS,544XX W RANDOM ST
BURGLARY,224XX W RANDOM ST
NARCOTICS,803XX W RANDOM ST
NARCOTICS,384XX W RANDOM ST
NARCOTICS,624XX W RANDOM ST
NARCOTICS,675XX W RANDOM ST
ASSAULT,616XX W RANDOM ST
BURGLARY,900XX W RANDOM ST
NARCOTICS,948XX W RANDOM ST
CRIMINAL DAMAGE,328XX W RANDOM ST
BATTERY,222XX W RANDOM ST
ASSAULT,550XX W RANDOM ST
ASSAULT,527XX W RANDOM ST
BURGLARY,620XX W RANDOM ST
ROBBERY,286XX W RANDOM ST
ROBBERY,627XX W RANDOM ST
ROBBERY,875XX W RANDOM ST
THEFT,134XX W RANDOM ST
BATTERY,960XX W RANDOM ST
NARCOTICS,879XX W RANDOM ST
ASSAULT,389XX W RANDOM ST
MOTOR VEHICLE THEFT,475XX W RANDOM ST
BURGLARY,933XX W RANDOM ST
THEFT,753XX W RANDOM ST
THEFT,340XX W RANDOM ST
NARCOTICS,629XX W RANDOM ST
BATTERY,129XX W RANDOM ST
NARCOTICS,566XX W RANDOM ST
NARCOTICS,104XX W RANDOM ST
CRIMINAL DAMAGE,402XX W RANDOM ST
NARCOTICS,809XX W RANDOM ST
THEFT,738XX W RANDOM ST
ROBBERY,383XX W RANDOM ST
BURGLARY,913XX W RANDOM ST
BURGLARY,484XX W RANDOM ST
BATTERY,747XX W RANDOM ST
MOTOR VEHICLE THEFT,651XX W RANDOM ST
ROBBERY,323XX W RANDOM ST
THEFT,667XX W RANDOM ST
CRIMINAL DAMAGE,480XX W RANDOM ST
CRIMINAL DAMAGE,680XX W RANDOM ST
MOTOR VEHICLE THEFT,177XX W RANDOM ST
MOTOR VEHICLE THEFT,440XX W RANDOM ST
ROBBERY,543XX W RANDOM ST
BURGLARY,117XX W RANDOM ST
THEFT,470XX W RANDOM ST
THEFT,718XX W RANDOM ST
ASSAULT,315XX W RANDOM ST
THEFT,732XX W RANDOM ST
CRIMINAL DAMAGE,454XX W RANDOM ST
CRIMINAL DAMAGE,668XX W RANDOM ST
ROBBERY,927XX W RANDOM ST
BURGLARY,188XX W RANDOM ST
CRIMINAL DAMAGE,678XX W RANDOM ST
ROBBERY,691XX W RANDOM ST
ROBBERY,724XX W RANDOM ST
THEFT,973XX W RANDOM ST
BURGLARY,117XX W RANDOM ST
CRIMINAL DAMAGE,317XX W RANDOM ST
THEFT,755XX W RANDOM ST
ASSAULT,492XX W RANDOM ST
CRIMINAL DAMAGE,204XX W RANDOM ST
THEFT,119XX W RANDOM ST
ASSAULT,708XX W RANDOM ST
NARCOTICS,781XX W RANDOM ST
CRIMINAL DAMAGE,795XX W RANDOM ST
THEFT,750XX W RANDOM ST
THEFT,479XX W RANDOM ST
ROBBERY,882XX W RANDOM ST
ROBBERY,200XX W RANDOM ST
CRIMINAL DAMAGE,758XX W RANDOM ST
THEFT,292XX W RANDOM ST
ROBBERY,723XX W RANDOM ST
NARCOTICS,524XX W RANDOM ST
MOTOR VEHICLE THEFT,154XX W RANDOM ST
ROBBERY,465XX W RANDOM ST
NARCOTICS,524XX W RANDOM ST
NARCOTICS,186XX W RANDOM ST
ROBBERY,797XX W RANDOM ST
ROBBERY,602XX W RANDOM ST
THEFT,153XX W RANDOM ST
THEFT,303XX W RANDOM ST
BURGLARY,812XX W RANDOM ST
CRIMINAL DAMAGE,813XX W RANDOM ST
ROBBERY,610XX W RANDOM ST
MOTOR VEHICLE THEFT,308XX W RANDOM ST
BURGLARY,262XX W RANDOM ST
MOTOR VEHICLE THEFT,783XX W RANDOM ST
MOTOR VEHICLE THEFT,357XX W RANDOM ST
BURGLARY,264XX W RANDOM ST
ASSAULT,492XX W RANDOM ST
MOTOR VEHICLE THEFT,162XX W RANDOM ST
ROBBERY,673XX W RANDOM ST
BATTERY,843XX W RANDOM ST
ASSAULT,636XX W RANDOM ST
ASSAULT,547XX W RANDOM ST
NARCOTICS,253XX W RANDOM ST
NARCOTICS,415XX W RANDOM ST
MOTOR VEHICLE THEFT,698XX W RANDOM ST
MOTOR VEHICLE THEFT,383XX W RANDOM ST
BURGLARY,752XX W RANDOM ST
THEFT,817XX W RANDOM ST
CRIMINAL DAMAGE,199XX W RANDOM ST
MOTOR VEHICLE THEFT,709XX W RANDOM ST
ASSAULT,185XX W RANDOM ST
MOTOR VEHICLE THEFT,831XX W RANDOM ST
BATTERY,151XX W RANDOM ST
BURGLARY,447XX W RANDOM ST
THEFT,857XX W RANDOM ST
THEFT,764XX W RANDOM ST
BURGLARY,481XX W RANDOM ST
MOTOR VEHICLE THEFT,335XX W RANDOM ST
MOTOR VEHICLE THEFT,497XX W RANDOM ST
BATTERY,551XX W RANDOM ST
CRIMINAL DAMAGE,839XX W RANDOM ST
BATTERY,684XX W RANDOM ST
MOTOR VEHICLE THEFT,221XX W RANDOM ST
NARCOTICS,663XX W RANDOM ST
THEFT,379XX W RANDOM ST
ASSAULT,300XX W RANDOM ST
ASSAULT,366XX W RANDOM ST
MOTOR VEHICLE THEFT,184XX W RANDOM ST
NARCOTICS,225XX W RANDOM ST
BATTERY,422XX W RANDOM ST
THEFT,581XX W RANDOM ST
THEFT,785XX W RANDOM ST
BURGLARY,476XX W RANDOM ST
THEFT,238XX W RANDOM ST
ROBBERY,309XX W RANDOM ST
THEFT,500XX W RANDOM ST
BATTERY,512XX W RANDOM ST
THEFT,943XX W RANDOM ST
ASSAULT,813XX W RANDOM ST
ROBBERY,911XX W RANDOM ST
ASSAULT,569XX W RANDOM ST
CRIMINAL DAMAGE,457XX W RANDOM ST
MOTOR VEHICLE THEFT,744XX W RANDOM ST
MOTOR VEHICLE THEFT,586XX W RANDOM ST
ASSAULT,435XX W RANDOM ST
CRIMINAL DAMAGE,988XX W RANDOM ST
THEFT,944XX W RANDOM ST
ROBBERY,893XX W RANDOM ST
MOTOR VEHICLE THEFT,232XX W RANDOM ST
ASSAULT,940XX W RANDOM ST
BATTERY,948XX W RANDOM ST
ASSAULT,785XX W RANDOM ST
ROBBERY,817XX W RANDOM ST
ASSAULT,996XX W RANDOM ST
MOTOR VEHICLE THEFT,379XX W RANDOM ST
MOTOR VEHICLE THEFT,545XX W RANDOM ST
ASSAULT,686XX W RANDOM ST
BURGLARY,834XX W RANDOM ST
BATTERY,915XX W RANDOM ST
MOTOR VEHICLE THEFT,883XX W RANDOM ST
MOTOR VEHICLE THEFT,860XX W RANDOM ST
THEFT,352XX W RANDOM ST
BURGLARY,195XX W RANDOM ST
MOTOR VEHICLE THEFT,117XX W RANDOM ST
ASSAULT,957XX W RANDOM ST
BURGLARY,405XX W RANDOM ST
ROBBERY,555XX W RANDOM ST
CRIMINAL DAMAGE,220XX W RANDOM ST
ROBBERY,563XX W RANDOM ST
MOTOR VEHICLE THEFT,905XX W RANDOM ST
CRIMINAL DAMAGE,336XX W RANDOM ST
NARCOTICS,650XX W RANDOM ST
THEFT,299XX W RANDOM ST
NARCOTICS,542XX W RANDOM ST
ASSAULT,297XX W RANDOM ST
CRIMINAL DAMAGE,489XX W RANDOM ST
NARCOTICS,236XX W RANDOM ST
ROBBERY,777XX W RANDOM ST
CRIMINAL DAMAGE,151XX W RANDOM ST
BATTERY,687XX W RANDOM ST
MOTOR VEHICLE THEFT,469XX W RANDOM ST
NARCOTICS,969XX W RANDOM ST
BATTERY,520XX W RANDOM ST
BURGLARY,447XX W RANDOM ST
BURGLARY,585XX W RANDOM ST
THEFT,243XX W RANDOM ST
CRIMINAL DAMAGE,349XX W RANDOM ST
NARCOTICS,343XX W RANDOM ST
ROBBERY,966XX W RANDOM ST
CRIMINAL DAMAGE,633XX W RANDOM ST
ROBBERY,200XX W RANDOM ST
CRIMINAL DAMAGE,676XX W RANDOM ST
CRIMINAL DAMAGE,270XX W RANDOM ST
BATTERY,838XX W RANDOM ST
THEFT,374XX W RANDOM ST
ASSAULT,976XX W RANDOM ST
NARCOTICS,355XX W RANDOM ST
BURGLARY,904XX W RANDOM ST
THEFT,896XX W RANDOM ST
MOTOR VEHICLE THEFT,114XX W RANDOM ST
ASSAULT,498XX W RANDOM ST
ASSAULT,305XX W RANDOM ST
CRIMINAL DAMAGE,365XX W RANDOM ST
ROBBERY,960XX W RANDOM ST
NARCOTICS,979XX W RANDOM ST
MOTOR VEHICLE THEFT,222XX W RANDOM ST
ASSAULT,705XX W RANDOM ST
BATTERY,513XX W RANDOM ST
MOTOR VEHICLE THEFT,285XX W RANDOM ST
BATTERY,830XX W RANDOM ST
BURGLARY,728XX W RANDOM ST
ASSAULT,712XX W RANDOM ST
CRIMINAL DAMAGE,657XX W RANDOM ST
MOTOR VEHICLE THEFT,862XX W RANDOM ST
NARCOTICS,463XX W RANDOM ST
THEFT,813XX W RANDOM ST
ROBBERY,296XX W RANDOM ST
THEFT,531XX W RANDOM ST
ASSAULT,674XX W RANDOM ST
BURGLARY,467XX W RANDOM ST
ROBBERY,144XX W RANDOM ST
CRIMINAL DAMAGE,743XX W RANDOM ST
THEFT,708XX W RANDOM ST
THEFT,829XX W RANDOM ST
ROBBERY,352XX W RANDOM ST
MOTOR VEHICLE THEFT,600XX W RANDOM ST
THEFT,332XX W RANDOM ST
MOTOR VEHICLE THEFT,654XX W RANDOM ST
BATTERY,666XX W RANDOM ST
BATTERY,488XX W RANDOM ST
MOTOR VEHICLE THEFT,238XX W RANDOM ST
BATTERY,943XX W RANDOM ST
THEFT,823XX W RANDOM ST
THEFT,379XX W RANDOM ST
CRIMINAL DAMAGE,118XX W RANDOM ST
CRIMINAL DAMAGE,144XX W RANDOM ST
CRIMINAL DAMAGE,574XX W RANDOM ST
MOTOR VEHICLE THEFT,795XX W RANDOM ST
NARCOTICS,788XX W RANDOM ST
ROBBERY,164XX W RANDOM ST
BATTERY,181XX W RANDOM ST
ASSAULT,272XX W RANDOM ST
THEFT,664XX W RANDOM ST
MOTOR VEHICLE THEFT,975XX W RANDOM ST
THEFT,301XX W RANDOM ST
BURGLARY,498XX W RANDOM ST
ASSAULT,496XX W RANDOM ST
CRIMINAL DAMAGE,553XX W RANDOM ST
THEFT,588XX W RANDOM ST
THEFT,771XX W RANDOM ST
ASSAULT,120XX W RANDOM ST
ROBBERY,899XX W RANDOM ST
MOTOR VEHICLE THEFT,872XX W RANDOM ST
ROBBERY,649XX W RANDOM ST
BURGLARY,243XX W RANDOM ST
CRIMINAL DAMAGE,104XX W RANDOM ST
MOTOR VEHICLE THEFT,270XX W RANDOM ST
BATTERY,223XX W RANDOM ST
THEFT,491XX W RANDOM ST
MOTOR VEHICLE THEFT,986XX W RANDOM ST
MOTOR VEHICLE THEFT,679XX W RANDOM ST
ROBBERY,722XX W RANDOM ST
NARCOTICS,695XX W RANDOM ST
BURGLARY,328XX W RANDOM ST
NARCOTICS,925XX W RANDOM ST
ASSAULT,561XX W RANDOM ST
BURGLARY,852XX W RANDOM ST
ASSAULT,993XX W RANDOM ST
ROBBERY,498XX W RANDOM ST
THEFT,797XX W RANDOM ST
ROBBERY,536XX W RANDOM ST
NARCOTICS,785XX W RANDOM ST
CRIMINAL DAMAGE,853XX W RANDOM ST
CRIMINAL DAMAGE,831XX W RANDOM ST
NARCOTICS,153XX W RANDOM ST
NARCOTICS,849XX W RANDOM ST
CRIMINAL DAMAGE,464XX W RANDOM ST
THEFT,572XX W RANDOM ST
BATTERY,988XX W RANDOM ST
ASSAULT,541XX W RANDOM ST
NARCOTICS,704XX W RANDOM ST
CRIMINAL DAMAGE,685XX W RANDOM ST
BURGLARY,972XX W RANDOM ST
THEFT,979XX W RANDOM ST
THEFT,435XX W RANDOM ST
ASSAULT,737XX W RANDOM ST
CRIMINAL DAMAGE,484XX W RANDOM ST
NARCOTICS,272XX W RANDOM ST
ASSAULT,414XX W RANDOM ST
BATTERY,634XX W RANDOM ST
THEFT,848XX W RANDOM ST
CRIMINAL DAMAGE,777XX W RANDOM ST
ROBBERY,717XX W RANDOM ST
MOTOR VEHICLE THEFT,692XX W RANDOM ST
ASSAULT,127XX W RANDOM ST
BURGLARY,717XX W RANDOM ST
ROBBERY,850XX W RANDOM ST
BURGLARY,555XX W RANDOM ST
ASSAULT,937XX W RANDOM ST
BATTERY,813XX W RANDOM ST
ROBBERY,367XX W RANDOM ST
ASSAULT,597XX W RANDOM ST
NARCOTICS,410XX W RANDOM ST
CRIMINAL DAMAGE,124XX W RANDOM ST
NARCOTICS,104XX W RANDOM ST
ROBBERY,343XX W RANDOM ST
CRIMINAL DAMAGE,766XX W RANDOM ST
BURGLARY,604XX W RANDOM ST
BURGLARY,764XX W RANDOM ST
BATTERY,248XX W RANDOM ST
BURGLARY,366XX W RANDOM ST
MOTOR VEHICLE THEFT,456XX W RANDOM ST
BURGLARY,205XX W RANDOM ST
MOTOR VEHICLE THEFT,499XX W RANDOM ST
MOTOR VEHICLE THEFT,284XX W RANDOM ST
MOTOR VEHICLE THEFT,536XX W RANDOM ST
MOTOR VEHICLE THEFT,865XX W RANDOM ST
BATTERY,402XX W RANDOM ST
BURGLARY,604XX W RANDOM ST
ROBBERY,436XX W RANDOM ST
NARCOTICS,554XX W RANDOM ST
BURGLARY,624XX W RANDOM ST
MOTOR VEHICLE THEFT,639XX W RANDOM ST
ROBBERY,315XX W RANDOM ST
BURGLARY,728XX W RANDOM ST
THEFT,116XX W RANDOM ST
THEFT,338XX W RANDOM ST
THEFT,121XX W RANDOM ST
BURGLARY,521XX W RANDOM ST
BATTERY,283XX W RANDOM ST
CRIMINAL DAMAGE,140XX W RANDOM ST
THEFT,815XX W RANDOM ST
BATTERY,202XX W RANDOM ST
NARCOTICS,791XX W RANDOM ST
ASSAULT,460XX W RANDOM ST
ASSAULT,236XX W RANDOM ST
CRIMINAL DAMAGE,198XX W RANDOM ST
BATTERY,438XX W RANDOM ST
NARCOTICS,993XX W RANDOM ST
BATTERY,531XX W RANDOM ST
MOTOR VEHICLE THEFT,976XX W RANDOM ST
ROBBERY,825XX W RANDOM ST
BATTERY,224XX W RANDOM ST
ASSAULT,631XX W RANDOM ST
THEFT,194XX W RANDOM ST
THEFT,661XX W RANDOM ST
BATTERY,800XX W RANDOM ST
ROBBERY,252XX W RANDOM ST
MOTOR VEHICLE THEFT,103XX W RANDOM ST
ROBBERY,235XX W RANDOM ST
BATTERY,833XX W RANDOM ST
BURGLARY,475XX W RANDOM ST
BURGLARY,691XX W RANDOM ST
BATTERY,724XX W RANDOM ST
ROBBERY,616XX W RANDOM ST
MOTOR VEHICLE THEFT,721XX W RANDOM ST
MOTOR VEHICLE THEFT,215XX W RANDOM ST
BURGLARY,685XX W RANDOM ST
BATTERY,589XX W RANDOM ST
BURGLARY,712XX W RANDOM ST
NARCOTICS,987XX W RANDOM ST
MOTOR VEHICLE THEFT,678XX W RANDOM ST
THEFT,192XX W RANDOM ST
THEFT,785XX W RANDOM ST
MOTOR VEHICLE THEFT,558XX W RANDOM ST
BURGLARY,520XX W RANDOM ST
ROBBERY,582XX W RANDOM ST
BURGLARY,769XX W RANDOM ST
CRIMINAL DAMAGE,186XX W RANDOM ST
NARCOTICS,105XX W RANDOM ST
ASSAULT,794XX W RANDOM ST
BURGLARY,620XX W RANDOM ST
MOTOR VEHICLE THEFT,490XX W RANDOM ST
ROBBERY,881XX W RANDOM ST
ROBBERY,786XX W RANDOM ST
BATTERY,343XX W RANDOM ST
THEFT,713XX W RANDOM ST
ASSAULT,870XX W RANDOM ST
ASSAULT,185XX W RANDOM ST
ROBBERY,865XX W RANDOM ST
NARCOTICS,675XX W RANDOM ST
ROBBERY,303XX W RANDOM ST
ASSAULT,158XX W RANDOM ST
BURGLARY,390XX W RANDOM ST
BATTERY,369XX W RANDOM ST
ASSAULT,568XX W RANDOM ST
NARCOTICS,736XX W RANDOM ST
ROBBERY,713XX W RANDOM ST
ROBBERY,163XX W RANDOM ST
BURGLARY,546XX W RANDOM ST
NARCOTICS,536XX W RANDOM ST
ROBBERY,637XX W RANDOM ST
CRIMINAL DAMAGE,370XX W RANDOM ST
NARCOTICS,174XX W RANDOM ST
MOTOR VEHICLE THEFT,246XX W RANDOM ST
ASSAULT,308XX W RANDOM ST
ASSAULT,526XX W RANDOM ST
BATTERY,132XX W RANDOM ST
MOTOR VEHICLE THEFT,520XX W RANDOM ST
ROBBERY,214XX W RANDOM ST
ROBBERY,464XX W RANDOM ST
ROBBERY,794XX W RANDOM ST
THEFT,832XX W RANDOM ST
THEFT,979XX W RANDOM ST
BURGLARY,744XX W RANDOM ST
NARCOTICS,411XX W RANDOM ST
MOTOR VEHICLE THEFT,191XX W RANDOM ST
ROBBERY,974XX W RANDOM ST
ROBBERY,203XX W RANDOM ST
NARCOTICS,904XX W RANDOM ST
ROBBERY,468XX W RANDOM ST
CRIMINAL DAMAGE,671XX W RANDOM ST
BATTERY,986XX W RANDOM ST
BURGLARY,723XX W RANDOM ST
CRIMINAL DAMAGE,825XX W RANDOM ST
NARCOTICS,297XX W RANDOM ST
THEFT,801XX W RANDOM ST
ROBBERY,617XX W RANDOM ST
ROBBERY,470XX W RANDOM ST
THEFT,983XX W RANDOM ST
ASSAULT,367XX W RANDOM ST
NARCOTICS,186XX W RANDOM ST
THEFT,995XX W RANDOM ST
ASSAULT,356XX W RANDOM ST
ROBBERY,659XX W RANDOM ST
BATTERY,727XX W RANDOM ST
THEFT,363XX W RANDOM ST
ASSAULT,949XX W RANDOM ST
CRIMINAL DAMAGE,658XX W RANDOM ST
MOTOR VEHICLE THEFT,435XX W RANDOM ST
ASSAULT,995XX W RANDOM ST
ROBBERY,561XX W RANDOM ST
CRIMINAL DAMAGE,219XX W RANDOM ST
BATTERY,434XX W RANDOM ST
ASSAULT,321XX W RANDOM ST
THEFT,368XX W RANDOM ST
THEFT,178XX W RANDOM ST
CRIMINAL DAMAGE,720XX W RANDOM ST
MOTOR VEHICLE THEFT,783XX W RANDOM ST
CRIMINAL DAMAGE,244XX W RANDOM ST
ASSAULT,194XX W RANDOM ST
MOTOR VEHICLE THEFT,612XX W RANDOM ST
ASSAULT,748XX W RANDOM ST
ROBBERY,283XX W RANDOM ST
CRIMINAL DAMAGE,938XX W RANDOM ST
CRIMINAL DAMAGE,237XX W RANDOM ST
BATTERY,725XX W RANDOM ST
BURGLARY,987XX W RANDOM ST
CRIMINAL DAMAGE,932XX W RANDOM ST
BATTERY,561XX W RANDOM ST
MOTOR VEHICLE THEFT,208XX W RANDOM ST
BURGLARY,754XX W RANDOM ST
ASSAULT,363XX W RANDOM ST
BATTERY,697XX W RANDOM ST
BURGLARY,742XX W RANDOM ST
ROBBERY,132XX W RANDOM ST
BURGLARY,374XX W RANDOM ST
ASSAULT,930XX W RANDOM ST
NARCOTICS,995XX W RANDOM ST
NARCOTICS,870XX W RANDOM ST
MOTOR VEHICLE THEFT,150XX W RANDOM ST
NARCOTICS,565XX W RANDOM ST
CRIMINAL DAMAGE,994XX W RANDOM ST
ROBBERY,165XX W RANDOM ST
MOTOR VEHICLE THEFT,179XX W RANDOM ST
MOTOR VEHICLE THEFT,428XX W RANDOM ST
CRIMINAL DAMAGE,607XX W RANDOM ST
BATTERY,232XX W RANDOM ST
THEFT,859XX W RANDOM ST
THEFT,895XX W RANDOM ST
THEFT,357XX W RANDOM ST
ROBBERY,637XX W RANDOM ST
BATTERY,259XX W RANDOM ST
MOTOR VEHICLE THEFT,147XX W RANDOM ST
ASSAULT,358XX W RANDOM ST
NARCOTICS,998XX W RANDOM ST
ROBBERY,955XX W RANDOM ST
BATTERY,493XX W RANDOM ST
MOTOR VEHICLE THEFT,993XX W RANDOM ST
BATTERY,159XX W RANDOM ST
BATTERY,462XX W RANDOM ST
CRIMINAL DAMAGE,471XX W RANDOM ST
MOTOR VEHICLE THEFT,331XX W RANDOM ST
ASSAULT,576XX W RANDOM ST
MOTOR VEHICLE THEFT,890XX W RANDOM ST
BURGLARY,666XX W RANDOM ST
BURGLARY,293XX W RANDOM ST
BATTERY,271XX W RANDOM ST
NARCOTICS,110XX W RANDOM ST
ASSAULT,385XX W RANDOM ST
MOTOR VEHICLE THEFT,738XX W RANDOM ST
BURGLARY,575XX W RANDOM ST
BATTERY,291XX W RANDOM ST
ROBBERY,395XX W RANDOM ST
CRIMINAL DAMAGE,112XX W RANDOM ST
NARCOTICS,817XX W RANDOM ST
CRIMINAL DAMAGE,917XX W RANDOM ST
MOTOR VEHICLE THEFT,570XX W RANDOM ST
NARCOTICS,827XX W RANDOM ST
MOTOR VEHICLE THEFT,789XX W RANDOM ST
THEFT,667XX W RANDOM ST
ROBBERY,590XX W RANDOM ST
CRIMINAL DAMAGE,297XX W RANDOM ST
THEFT,234XX W RANDOM ST
BATTERY,865XX W RANDOM ST
NARCOTICS,320XX W RANDOM ST
ASSAULT,492XX W RANDOM ST
THEFT,367XX W RANDOM ST
BURGLARY,705XX W RANDOM ST
ASSAULT,489XX W RANDOM ST
NARCOTICS,370XX W RANDOM ST
THEFT,938XX W RANDOM ST
BATTERY,579XX W RANDOM ST
ASSAULT,200XX W RANDOM ST
BATTERY,862XX W RANDOM ST
ROBBERY,475XX W RANDOM ST
BURGLARY,117XX W RANDOM ST
ASSAULT,449XX W RANDOM ST
NARCOTICS,954XX W RANDOM ST
THEFT,985XX W RANDOM ST
BURGLARY,844XX W RANDOM ST
BURGLARY,442XX W RANDOM ST
BATTERY,842XX W RANDOM ST
ASSAULT,307XX W RANDOM ST
MOTOR VEHICLE THEFT,364XX W RANDOM ST
NARCOTICS,584XX W RANDOM ST
NARCOTICS,648XX W RANDOM ST
MOTOR VEHICLE THEFT,705XX W RANDOM ST
BURGLARY,788XX W RANDOM ST
NARCOTICS,194XX W RANDOM ST
THEFT,131XX W RANDOM ST
NARCOTICS,281XX W RANDOM ST
BATTERY,216XX W RANDOM ST
MOTOR VEHICLE THEFT,984XX W RANDOM ST
MOTOR VEHICLE THEFT,106XX W RANDOM ST
BURGLARY,285XX W RANDOM ST
THEFT,949XX W RANDOM ST
BURGLARY,582XX W RANDOM ST
ROBBERY,924XX W RANDOM ST
BURGLARY,681XX W RANDOM ST
ASSAULT,183XX W RANDOM ST
ROBBERY,316XX W RANDOM ST
NARCOTICS,102XX W RANDOM ST
CRIMINAL DAMAGE,710XX W RANDOM ST
NARCOTICS,146XX W RANDOM ST
ROBBERY,700XX W RANDOM ST
NARCOTICS,659XX W RANDOM ST
BATTERY,287XX W RANDOM ST
ASSAULT,176XX W RANDOM ST
CRIMINAL DAMAGE,152XX W RANDOM ST
BURGLARY,981XX W RANDOM ST
ROBBERY,931XX W RANDOM ST
ROBBERY,170XX W RANDOM ST
NARCOTICS,453XX W RANDOM ST
THEFT,474XX W RANDOM ST
ROBBERY,224XX W RANDOM ST
ROBBERY,184XX W RANDOM ST
BURGLARY,304XX W RANDOM ST
BURGLARY,418XX W RANDOM ST
THEFT,399XX W RANDOM ST
ASSAULT,496XX W RANDOM ST
BURGLARY,132XX W RANDOM ST
ROBBERY,785XX W RANDOM ST
MOTOR VEHICLE THEFT,521XX W RANDOM ST
NARCOTICS,650XX W RANDOM ST
CRIMINAL DAMAGE,155XX W RANDOM ST
NARCOTICS,554XX W RANDOM ST
MOTOR VEHICLE THEFT,446XX W RANDOM ST
MOTOR VEHICLE THEFT,894XX W RANDOM ST
ROBBERY,403XX W RANDOM ST
ROBBERY,142XX W RANDOM ST
THEFT,162XX W RANDOM ST
CRIMINAL DAMAGE,925XX W RANDOM ST
ROBBERY,733XX W RANDOM ST
BURGLARY,679XX W RANDOM ST
NARCOTICS,409XX W RANDOM ST
ROBBERY,685XX W RANDOM ST
NARCOTICS,307XX W RANDOM ST
ASSAULT,695XX W RANDOM ST
NARCOTICS,405XX W RANDOM ST
MOTOR VEHICLE THEFT,671XX W RANDOM ST
MOTOR VEHICLE THEFT,658XX W RANDOM ST
MOTOR VEHICLE THEFT,902XX W RANDOM ST
ROBBERY,173XX W RANDOM ST
BATTERY,105XX W RANDOM ST
ROBBERY,135XX W RANDOM ST
ASSAULT,400XX W RANDOM ST
CRIMINAL DAMAGE,760XX W RANDOM ST
MOTOR VEHICLE THEFT,392XX W RANDOM ST
BURGLARY,904XX W RANDOM ST
ASSAULT,474XX W RANDOM ST
NARCOTICS,461XX W RANDOM ST
ROBBERY,629XX W RANDOM ST
NARCOTICS,679XX W RANDOM ST
BURGLARY,666XX W RANDOM ST
BATTERY,927XX W RANDOM ST
MOTOR VEHICLE THEFT,381XX W RANDOM ST
MOTOR VEHICLE THEFT,268XX W RANDOM ST
BURGLARY,197XX W RANDOM ST
ROBBERY,252XX W RANDOM ST
ROBBERY,282XX W RANDOM ST
MOTOR VEHICLE THEFT,371XX W RANDOM ST
BATTERY,331XX W RANDOM ST
ASSAULT,640XX W RANDOM ST
NARCOTICS,744XX W RANDOM ST
BATTERY,849XX W RANDOM ST
CRIMINAL DAMAGE,953XX W RANDOM ST
CRIMINAL DAMAGE,139XX W RANDOM ST
THEFT,246XX W RANDOM ST
CRIMINAL DAMAGE,671XX W RANDOM ST
MOTOR VEHICLE THEFT,772XX W RANDOM ST
BURGLARY,444XX W RANDOM ST
NARCOTICS,212XX W RANDOM ST
NARCOTICS,181XX W RANDOM ST
ROBBERY,982XX W RANDOM ST
NARCOTICS,302XX W RANDOM ST
ASSAULT,928XX W RANDOM ST
CRIMINAL DAMAGE,108XX W RANDOM ST
ASSAULT,423XX W RANDOM ST
MOTOR VEHICLE THEFT,363XX W RANDOM ST
ASSAULT,705XX W RANDOM ST
ASSAULT,857XX W RANDOM ST
BATTERY,233XX W RANDOM ST
ROBBERY,102XX W RANDOM ST
NARCOTICS,893XX W RANDOM ST
CRIMINAL DAMAGE,656XX W RANDOM ST
ASSAULT,245XX W RANDOM ST
ROBBERY,468XX W RANDOM ST
BATTERY,365XX W RANDOM ST
THEFT,600XX W RANDOM ST
BATTERY,567XX W RANDOM ST
NARCOTICS,505XX W RANDOM ST
BATTERY,141XX W RANDOM ST
ASSAULT,607XX W RANDOM ST
MOTOR VEHICLE THEFT,119XX W RANDOM ST
BURGLARY,936XX W RANDOM ST
ASSAULT,871XX W RANDOM ST
CRIMINAL DAMAGE,398XX W RANDOM ST
BATTERY,782XX W RANDOM ST
BURGLARY,313XX W RANDOM ST
BATTERY,651XX W RANDOM ST
BATTERY,281XX W RANDOM ST
NARCOTICS,203XX W RANDOM ST
CRIMINAL DAMAGE,803XX W RANDOM ST
BURGLARY,101XX W RANDOM ST
CRIMINAL DAMAGE,329XX W RANDOM ST
THEFT,252XX W RANDOM ST
ROBBERY,555XX W RANDOM ST
BURGLARY,345XX W RANDOM ST
MOTOR VEHICLE THEFT,569XX W RANDOM ST
MOTOR VEHICLE THEFT,180XX W RANDOM ST
THEFT,124XX W RANDOM ST
ASSAULT,323XX W RANDOM ST
ASSAULT,581XX W RANDOM ST
THEFT,905XX W RANDOM ST
BURGLARY,869XX W RANDOM ST
BATTERY,833XX W RANDOM ST
BURGLARY,759XX W RANDOM ST
ROBBERY,928XX W RANDOM ST
BATTERY,189XX W RANDOM ST
BURGLARY,927XX W RANDOM ST
NARCOTICS,960XX W RANDOM ST
THEFT,169XX W RANDOM ST
CRIMINAL DAMAGE,268XX W RANDOM ST
THEFT,953XX W RANDOM ST
MOTOR VEHICLE THEFT,290XX W RANDOM ST
NARCOTICS,980XX W RANDOM ST
ASSAULT,804XX W RANDOM ST
CRIMINAL DAMAGE,809XX W RANDOM ST
BATTERY,606XX W RANDOM ST
MOTOR VEHICLE THEFT,666XX W RANDOM ST
THEFT,415XX W RANDOM ST
BURGLARY,355XX W RANDOM ST
CRIMINAL DAMAGE,155XX W RANDOM ST
THEFT,395XX W RANDOM ST
CRIMINAL DAMAGE,383XX W RANDOM ST
CRIMINAL DAMAGE,365XX W RANDOM ST
ASSAULT,700XX W RANDOM ST
BURGLARY,198XX W RANDOM ST
MOTOR VEHICLE THEFT,512XX W RANDOM ST
MOTOR VEHICLE THEFT,173XX W RANDOM ST
MOTOR VEHICLE THEFT,433XX W RANDOM ST
BURGLARY,540XX W RANDOM ST
BURGLARY,643XX W RANDOM ST
NARCOTICS,367XX W RANDOM ST
THEFT,957XX W RANDOM ST
THEFT,217XX W RANDOM ST
THEFT,726XX W RANDOM ST
CRIMINAL DAMAGE,345XX W RANDOM ST
MOTOR VEHICLE THEFT,310XX W RANDOM ST
MOTOR VEHICLE THEFT,458XX W RANDOM ST
ASSAULT,246XX W RANDOM ST
MOTOR VEHICLE THEFT,885XX W RANDOM ST
BATTERY,464XX W RANDOM ST
ASSAULT,334XX W RANDOM ST
MOTOR VEHICLE THEFT,365XX W RANDOM ST
ROBBERY,497XX W RANDOM ST
ASSAULT,605XX W RANDOM ST
ASSAULT,872XX W RANDOM ST
ASSAULT,214XX W RANDOM ST
NARCOTICS,624XX W RANDOM ST
BURGLARY,439XX W RANDOM ST
ROBBERY,694XX W RANDOM ST
THEFT,397XX W RANDOM ST
BATTERY,325XX W RANDOM ST
THEFT,785XX W RANDOM ST
NARCOTICS,511XX W RANDOM ST
ROBBERY,194XX W RANDOM ST
BATTERY,767XX W RANDOM ST
NARCOTICS,736XX W RANDOM ST
BATTERY,414XX W RANDOM ST
THEFT,809XX W RANDOM ST
THEFT,646XX W RANDOM ST
BATTERY,518XX W RANDOM ST
BATTERY,307XX W RANDOM ST
ROBBERY,950XX W RANDOM ST
BATTERY,495XX W RANDOM ST
BURGLARY,710XX W RANDOM ST
THEFT,618XX W RANDOM ST
BURGLARY,647XX W RANDOM ST
THEFT,352XX W RANDOM ST
ASSAULT,507XX W RANDOM ST
BURGLARY,701XX W RANDOM ST
BATTERY,854XX W RANDOM ST
BURGLARY,239XX W RANDOM ST
THEFT,448XX W RANDOM ST
THEFT,809XX W RANDOM ST
ROBBERY,608XX W RANDOM ST
MOTOR VEHICLE THEFT,194XX W RANDOM ST
NARCOTICS,589XX W RANDOM ST
ASSAULT,780XX W RANDOM ST
ROBBERY,116XX W RANDOM ST
BURGLARY,435XX W RANDOM ST
CRIMINAL DAMAGE,329XX W RANDOM ST
MOTOR VEHICLE THEFT,225XX W RANDOM ST
CRIMINAL DAMAGE,905XX W RANDOM ST
BURGLARY,880XX W RANDOM ST
BURGLARY,360XX W RANDOM ST
BURGLARY,956XX W RANDOM ST
BATTERY,329XX W RANDOM ST
ROBBERY,397XX W RANDOM ST
ASSAULT,334XX W RANDOM ST
ROBBERY,740XX W RANDOM ST
THEFT,836XX W RANDOM ST
ROBBERY,550XX W RANDOM ST
CRIMINAL DAMAGE,421XX W RANDOM ST
BATTERY,772XX W RANDOM ST
ASSAULT,595XX W RANDOM ST
NARCOTICS,257XX W RANDOM ST
ROBBERY,641XX W RANDOM ST
CRIMINAL DAMAGE,184XX W RANDOM ST
ROBBERY,653XX W RANDOM ST
THEFT,559XX W RANDOM ST
ASSAULT,339XX W RANDOM ST
NARCOTICS,589XX W RANDOM ST
BATTERY,728XX W RANDOM ST
NARCOTICS,993XX W RANDOM ST
CRIMINAL DAMAGE,902XX W RANDOM ST
CRIMINAL DAMAGE,993XX W RANDOM ST
ASSAULT,916XX W RANDOM ST
THEFT,832XX W RANDOM ST
THEFT,741XX W RANDOM ST
ROBBERY,524XX W RANDOM ST
BURGLARY,213XX W RANDOM ST
ROBBERY,735XX W RANDOM ST
ASSAULT,418XX W RANDOM ST
ASSAULT,258XX W RANDOM ST
NARCOTICS,119XX W RANDOM ST
BURGLARY,344XX W RANDOM ST
ROBBERY,269XX W RANDOM ST
BURGLARY,134XX W RANDOM ST
BURGLARY,375XX W RANDOM ST
ROBBERY,491XX W RANDOM ST
ROBBERY,180XX W RANDOM ST
ASSAULT,432XX W RANDOM ST
NARCOTICS,849XX W RANDOM ST
BURGLARY,826XX W RANDOM ST
CRIMINAL DAMAGE,373XX W RANDOM ST
CRIMINAL DAMAGE,880XX W RANDOM ST
CRIMINAL DAMAGE,333XX W RANDOM ST
BATTERY,343XX W RANDOM ST
BURGLARY,360XX W RANDOM ST
MOTOR VEHICLE THEFT,141XX W RANDOM ST
THEFT,799XX W RANDOM ST
BATTERY,944XX W RANDOM ST
CRIMINAL DAMAGE,838XX W RANDOM ST
MOTOR VEHICLE THEFT,201XX W RANDOM ST
THEFT,144XX W RANDOM ST
CRIMINAL DAMAGE,977XX W RANDOM ST
NARCOTICS,193XX W RANDOM ST
BATTERY,323XX W RANDOM ST
NARCOTICS,992XX W RANDOM ST
CRIMINAL DAMAGE,905XX W RANDOM ST
ASSAULT,493XX W RANDOM ST
BURGLARY,278XX W RANDOM ST
MOTOR VEHICLE THEFT,752XX W RANDOM ST
CRIMINAL DAMAGE,280XX W RANDOM ST
NARCOTICS,405XX W RANDOM ST
BATTERY,948XX W RANDOM ST
NARCOTICS,878XX W RANDOM ST
BURGLARY,911XX W RANDOM ST
MOTOR VEHICLE THEFT,367XX W RANDOM ST
CRIMINAL DAMAGE,572XX W RANDOM ST
ASSAULT,310XX W RANDOM ST
BATTERY,799XX W RANDOM ST
BURGLARY,167XX W RANDOM ST
MOTOR VEHICLE THEFT,858XX W RANDOM ST
THEFT,153XX W RANDOM ST
ROBBERY,413XX W RANDOM ST
CRIMINAL DAMAGE,160XX W RANDOM ST
MOTOR VEHICLE THEFT,296XX W RANDOM ST
MOTOR VEHICLE THEFT,864XX W RANDOM ST
THEFT,139XX W RANDOM ST
ROBBERY,155XX W RANDOM ST
ASSAULT,445XX W RANDOM ST
ROBBERY,332XX W RANDOM ST
ROBBERY,142XX W RANDOM ST
CRIMINAL DAMAGE,250XX W RANDOM ST
CRIMINAL DAMAGE,218XX W RANDOM ST
CRIMINAL DAMAGE,794XX W RANDOM ST
BURGLARY,627XX W RANDOM ST
BATTERY,876XX W RANDOM ST
CRIMINAL DAMAGE,501XX W RANDOM ST
ASSAULT,731XX W RANDOM ST
THEFT,225XX W RANDOM ST
ROBBERY,789XX W RANDOM ST
ASSAULT,163XX W RANDOM ST
NARCOTICS,922XX W RANDOM ST
CRIMINAL DAMAGE,485XX W RANDOM ST
MOTOR VEHICLE THEFT,973XX W RANDOM ST
BURGLARY,201XX W RANDOM ST
ROBBERY,354XX W RANDOM ST
BURGLARY,336XX W RANDOM ST
ASSAULT,259XX W RANDOM ST
BATTERY,304XX W RANDOM ST
THEFT,793XX W RANDOM ST
CRIMINAL DAMAGE,946XX W RANDOM ST
NARCOTICS,540XX W RANDOM ST
BATTERY,869XX W RANDOM ST
BATTERY,328XX W RANDOM ST
ROBBERY,169XX W RANDOM ST
ASSAULT,142XX W RANDOM ST
MOTOR VEHICLE THEFT,488XX W RANDOM ST
CRIMINAL DAMAGE,100XX W RANDOM ST
BATTERY,194XX W RANDOM ST
NARCOTICS,556XX W RANDOM ST
ROBBERY,938XX W RANDOM ST
THEFT,334XX W RANDOM ST
BURGLARY,854XX W RANDOM ST
THEFT,665XX W RANDOM ST
THEFT,943XX W RANDOM ST
ASSAULT,117XX W RANDOM ST
ROBBERY,230XX W RANDOM ST
MOTOR VEHICLE THEFT,462XX W RANDOM ST
BURGLARY,408XX W RANDOM ST
BATTERY,820XX W RANDOM ST
BURGLARY,303XX W RANDOM ST
NARCOTICS,337XX W RANDOM ST
ASSAULT,981XX W RANDOM ST
MOTOR VEHICLE THEFT,789XX W RANDOM ST
THEFT,624XX W RANDOM ST
BATTERY,597XX W RANDOM ST
BURGLARY,107XX W RANDOM ST
NARCOTICS,963XX W RANDOM ST
BATTERY,133XX W RANDOM ST
MOTOR VEHICLE THEFT,981XX W RANDOM ST
THEFT,358XX W RANDOM ST
NARCOTICS,341XX W RANDOM ST
BATTERY,600XX W RANDOM ST
THEFT,103XX W RANDOM ST
ASSAULT,476XX W RANDOM ST
ASSAULT,297XX W RANDOM ST
THEFT,388XX W RANDOM ST
ASSAULT,216XX W RANDOM ST
BURGLARY,368XX W RANDOM ST
ASSAULT,973XX W RANDOM ST
NARCOTICS,661XX W RANDOM ST
NARCOTICS,326XX W RANDOM ST
THEFT,585XX W RANDOM ST
MOTOR VEHICLE THEFT,921XX W RANDOM ST
THEFT,102XX W RANDOM ST
BURGLARY,557XX W RANDOM ST
BURGLARY,712XX W RANDOM ST
CRIMINAL DAMAGE,514XX W RANDOM ST
BATTERY,127XX W RANDOM ST
CRIMINAL DAMAGE,397XX W RANDOM ST
ASSAULT,192XX W RANDOM ST
ASSAULT,904XX W RANDOM ST
ASSAULT,352XX W RANDOM ST
ROBBERY,844XX W RANDOM ST
BURGLARY,583XX W RANDOM ST
NARCOTICS,835XX W RANDOM ST
THEFT,510XX W RANDOM ST
ASSAULT,305XX W RANDOM ST
ASSAULT,926XX W RANDOM ST
MOTOR VEHICLE THEFT,146XX W RANDOM ST
ASSAULT,840XX W RANDOM ST
ASSAULT,969XX W RANDOM ST
NARCOTICS,393XX W RANDOM ST
MOTOR VEHICLE THEFT,300XX W RANDOM ST
NARCOTICS,357XX W RANDOM ST
ASSAULT,335XX W RANDOM ST
MOTOR VEHICLE THEFT,691XX W RANDOM ST
THEFT,239XX W RANDOM ST
THEFT,585XX W RANDOM ST
MOTOR VEHICLE THEFT,646XX W RANDOM ST
BURGLARY,289XX W RANDOM ST
THEFT,235XX W RANDOM ST
NARCOTICS,552XX W RANDOM ST
MOTOR VEHICLE THEFT,577XX W RANDOM ST
ROBBERY,607XX W RANDOM ST
CRIMINAL DAMAGE,337XX W RANDOM ST
CRIMINAL DAMAGE,957XX W RANDOM ST
BATTERY,312XX W RANDOM ST
THEFT,251XX W RANDOM ST
BATTERY,703XX W RANDOM ST
CRIMINAL DAMAGE,477XX W RANDOM ST
THEFT,659XX W RANDOM ST
THEFT,928XX W RANDOM ST
CRIMINAL DAMAGE,386XX W RANDOM ST
BATTERY,340XX W RANDOM ST
MOTOR VEHICLE THEFT,718XX W RANDOM ST
NARCOTICS,348XX W RANDOM ST
NARCOTICS,261XX W RANDOM ST
THEFT,953XX W RANDOM ST
MOTOR VEHICLE THEFT,669XX W RANDOM ST
BATTERY,398XX W RANDOM ST
BURGLARY,850XX W RANDOM ST
MOTOR VEHICLE THEFT,874XX W RANDOM ST
BURGLARY,196XX W RANDOM ST
ROBBERY,944XX W RANDOM ST
CRIMINAL DAMAGE,316XX W RANDOM ST
CRIMINAL DAMAGE,399XX W RANDOM ST
